Year,Actual_kg,ARIMAX_kg,Hybrid_kg,ARIMAX_Error,Hybrid_Error
2016,1249.6415046952732,1597.4815199840557,1441.9523802913702,-347.8400152887825,-192.31087559609705
2017,1906.0469226968328,2014.5957750579864,2045.5703128450066,-108.54885236115365,-139.5233901481738
2018,1607.7374936429594,2125.6514120528195,1763.0070884667018,-517.9139184098601,-155.2695948237424
2019,1904.4789159126456,2495.609473455941,2251.072454592413,-591.1305575432955,-346.59353867976756
2020,2056.8762634426726,2369.4578825953336,1898.8120162841471,-312.581619152661,158.0642471585254
2021,2509.302768288333,2402.2960687404725,2109.070287900619,107.00669954786053,400.2324803877141
2022,2077.4139028873224,3170.937300674645,2924.3084238314896,-1093.5233977873227,-846.8945209441672
2023,3849.408726929493,3069.1646600443496,2833.8525559091854,780.2440668851432,1015.5561710203074
