Year,Actual,ARIMAX,ARIMAX_SVR,SVR_Residual,Error
2016,1.2496415046952731,1.5974815199808572,1.6392922688109286,0.025836266170941105,-0.38965076411565547
2017,1.9060469226968328,2.014595775028059,2.053423573357659,0.01908986862776281,-0.14737665066082628
2018,1.6077374936429594,2.125651412051743,2.1750961586327655,0.022994572180640896,-0.5673586649898061
2019,1.9044789159126456,2.495609473452939,2.5399559965371363,0.017613779372867414,-0.6354770806244907
2020,2.0568762634426725,2.369457882608229,2.420662671750592,0.021380146519350565,-0.36378640830791964
2021,2.509302768288333,2.4022960687301147,2.449997427382097,0.019661999191131166,0.05930534090623585
2022,2.077413902887322,3.1709373007516795,3.2298545517090105,0.018409883134531693,-1.1524406488216883
2023,3.849408726929493,3.0691646600790286,3.114476646433509,0.014655700468581181,0.7349320804959838
