Year,Actual,ARIMAX,Hybrid,ARIMAX_Error,Hybrid_Error
2018,1.6077374936429594,1.9318198369480981,1.9192138022125247,-0.32408234330513874,-0.3114763085695653
2019,1.9044789159126456,2.1484752378981304,2.1658208894030144,-0.24399632198548482,-0.2613419734903688
2020,2.0568762634426725,2.1115753870614906,2.1036798065742057,-0.054699123618818124,-0.04680354313153323
2021,2.509302768288333,2.0821214152933734,2.0756666784889273,0.4271813529949595,0.4336360897994056
2022,2.077413902887322,2.525590360366725,2.5218691757155707,-0.44817645747940293,-0.4444552728282485
2023,3.849408726929493,2.4650574059198114,2.50931398429428,1.3843513210096816,1.340094742635213
