Year,Actual,ARIMAX,Hybrid,ARIMAX_Error,Hybrid_Error
2018,1.6077374936429594,1.684267088490013,1.6862005165643599,-0.07652959484705368,-0.0784630229214005
2019,1.9044789159126456,1.8822770632823782,1.8711777646881351,0.022201852630267416,0.033301151224510495
2020,2.0568762634426725,1.8843997727118549,1.8784762024174564,0.1724764907308176,0.1784000610252161
2021,2.509302768288333,1.772665295357791,1.772963555472112,0.7366374729305418,0.736339212816221
2022,2.077413902887322,2.3273876346182862,2.3517557121607338,-0.24997373173096404,-0.27434180927341156
2023,3.849408726929493,2.196000034740086,2.1756034954467762,1.653408692189407,1.6738052314827168
